{"web":{"client_id":"729428925096-psov9uap46a44t5j1mh5rfvksslm6nmu.apps.googleusercontent.com","project_id":"catalog-231421","auth_uri":"https://accounts.google.com/o/oauth2/auth","token_uri":"https://oauth2.googleapis.com/token","auth_provider_x509_cert_url":"https://www.googleapis.com/oauth2/v1/certs","client_secret":"4b7Owj0wombEvLjjD5rEwd5k","redirect_uris":["http://localhost:5000/login","http://localhost:5000/gconnect","http://localhost:5000"],"javascript_origins":["http://localhost:5000"]}}